acestream_id,nombre_e,nombre_ne,tvg-id_e,tvg-id_ne,nombre_supuesto,grupo_e,grupo_ne,calidad,lista_negra,canal_real
c1ee6e1e0ef5928d8261f855c417de21794f437d,,Canal 1 (1RFEF) (SOLO EVENTOS) 437d --> NEW ERA V,,Canal 1 (1RFEF),CANAL 1 (1RFEF) (SOLO EVENTOS),,1RFEF,HD,no,
8677d339ecddd75165c0015025f598b6215974cf,,Canal 2 (1RFEF) (SOLO EVENTOS) 74cf --> NEW ERA V,,Canal 2 (1RFEF),CANAL 2 (1RFEF) (SOLO EVENTOS),,1RFEF,HD,no,
599a2fda91aa55703e2c5a51562d9dbf5d3d31d9,,PRIMERA FEDERACIÓN FHD 31d9 --> NEW ERA,,Canal 1 (1RFEF),PRIMERA FEDERACIÓN,,1RFEF,FHD,no,
b40212c43e96e97542ea00f2129212a054853a57,,PRIMERA FEDERACIÓN FHD 3a57 --> NEW ERA VI,,Canal 1 (1RFEF),PRIMERA FEDERACIÓN,,1RFEF,FHD,no,
692d6a47ba99fbfc67fa947e468e859c7f2b9564,,BUNDESLIGA 3 FHD 9564 --> NEW ERA,,DE | Sky Sport Bundesliga 3,BUNDESLIGA 3,,BUNDESLIGA,FHD,no,
28205d7c9776b96a1f479c9082e80bd1e18f5afd,,COPA DEL REY FHD 5afd --> NEW ERA,,M+ Copa del Rey,COPA DEL REY,,COPA DEL REY,FHD,no,
691739972eb3468cf16b25e84dafdeaa40dead6d,,DAZN 1 FHD ad6d --> NEW ERA,,DAZN 1 HD,DAZN 1,,DAZN,FHD,no,
5b776533534b767a84dfda263825ad10f30a8ec7,,DAZN 1 HD 8ec7 --> NEW ERA,,DAZN 1 HD,DAZN 1,,DAZN,HD,no,
b03f9310155cf3b4eafc1dfba763781abc3ff025,,DAZN 1 FHD f025 --> NEW ERA VI,,DAZN 1 HD,DAZN 1,,DAZN,FHD,no,
36394be1db2e20b5997d987c32fd38c7f0f194b7,,DAZN 1 FHD 94b7 --> NEW ERA VI,,DAZN 1 HD,DAZN 1,,DAZN,FHD,no,
4141892f5df7d6474bf0279895ce02b7336c9928,,DAZN 1 FHD 9928 --> NEW ERA,,DAZN 1 HD,DAZN 1,,DAZN,FHD,no,
1e7f5efc1913efaf7042a9b1a49d1f9adc5bc187,,DAZN 1 BAR FHD c187 --> NEW ERA,,DAZN 1 HD,DAZN 1,,DAZN,FHD,no,
d5b2c6b940cf3df5e8f9dc6f000f0ea23a10b151,,DAZN 1 b151 --> SPORT TV,,DAZN 1 HD,DAZN 1,,DAZN,HD,no,
fb2dd566824658eeab27aae19a01c09430f1a97d,,DAZN 2 FHD a97d --> NEW ERA,,DAZN 2 HD,DAZN 2,,DAZN,FHD,no,
b0eabe0fdd02fdd165896236765a9b753a2ff516,,DAZN 2 f516 --> SPORT TV,,DAZN 2 HD,DAZN 2,,DAZN,HD,no,
43004e955731cd3afcc34d24e5178d4b427bff37,,DAZN 2 FHD ff37 --> NEW ERA VI,,DAZN 2 HD,DAZN 2,,DAZN,FHD,no,
2f9211669499f413dab1a490198afab2a9b4b57c,,DAZN 2 BAR FHD b57c --> NEW ERA,,DAZN 2 HD,DAZN 2,,DAZN,FHD,no,
d1d9ec2361a6ac8edc0b2841866383768cc28df9,,DAZN 3 8df9 --> SPORT TV,,DAZN 3 HD,DAZN 3,,DAZN,HD,no,
4e401fdceebffdf1f09aef954844d09f6c62f460,,DAZN 3 FHD f460 --> NEW ERA VI,,DAZN 3 HD,DAZN 3,,DAZN,FHD,no,
7e90956539f4e1318a63f3960e4f75c7c7c5a3b8,,DAZN 4 a3b8 --> SPORT TV,,DAZN 4 HD,DAZN 4,,DAZN,HD,no,
eb884f77ce8815cf1028c4d85e8b092c27ea1693,,DAZN 4 FHD 1693 --> NEW ERA VI,,DAZN 4 HD,DAZN 4,,DAZN,FHD,no,
ade70f2c51cca519a4d8de1bb181af6e8532e1e1,,FOX PREMIUM UFC e1e1 --> NEW ERA,,Unknown,FOX UFC,,DEPORTES,HD,no,
73094658f0a3ed523c0e188de67a7a690c0d4f93,,GOL PLAY FHD 4f93 --> NEW ERA,,GOL PLAY,GOL PLAY,,DEPORTES,FHD,no,
9fb99c40a2c45d5c5342b30626eb56140f980612,,GOL PLAY FHD 0612 --> NEW ERA,,GOL PLAY,GOL PLAY,,DEPORTES,FHD,no,
b2d560741c006fc5e4a42412bb52dbd25a6a4a3a,,GOL PLAY FHD 4a3a --> NEW ERA,,GOL PLAY,GOL PLAY,,DEPORTES,FHD,no,
eb25ebc41fc51710b098f860b33b3229d11921b3,,MIXED TV (solo eventos) 21b3 --> NEW ERA III,,Unknown,MIXED TV (SOLO EVENTOS),,DEPORTES,HD,no,
7a955964c91c66311eef9137a96332352dbb891e,,REAL MADRID TV HD 891e --> NEW ERA,,Real Madrid TV,REAL MADRID TV,,DEPORTES,HD,no,
d317a003e8047da2c36a2a2bb2289578c9a3b79c,,SKY SPORTS ARENA b79c --> SPORT TV,,UK | Sky Sport Arena,SKY SPORTS ARENA,,DEPORTES,HD,no,
6d95e4b0893e155cc674b84e0763150c445d3ddd,,SKY SPORTS CRICKET 3ddd --> SPORT TV,,UK | Sky Sport Cricket,SKY SPORTS CRICKET,,DEPORTES,HD,no,
eab7aeef0218ce8b0752e596e4792b69eda4df5e,,SKY SPORTS MAIN EVENT df5e --> SPORT TV,,UK | Sky Sport Main Event,SKY SPORTS MAIN EVENT,,DEPORTES,HD,no,
363f1d119b1971237318c0d953ab6eea5eb7c592,,TNT SPORTS HD FHD c592 --> NEW ERA,,UK | Sky Sport Cricket,TNT SPORTS,,DEPORTES,FHD,no,
5ccaf1da1ab3972502f2b35e581d7ab2f9b4965e,,TNT SPORTS HD 965e --> NEW ERA,,UK | Sky Sport Cricket,TNT SPORTS,,DEPORTES,HD,no,
714e14e6d6e27660fd25a75b57b0ac5580fe705d,,EUROSPORT 1 FHD 705d --> NEW ERA,,Eurosport 1 HD,EUROSPORT 1,,EUROSPORT,FHD,no,
ef2abf419586d9876370be127ad592dbb41b126a,,EUROSPORT 1 FHD 126a --> NEW ERA VI,,Eurosport 1 HD,EUROSPORT 1,,EUROSPORT,FHD,no,
bae98f69fbf867550b4f73b4eb176dae84d7f909,,EUROSPORT 1 FHD f909 --> NEW ERA,,Eurosport 1 HD,EUROSPORT 1,,EUROSPORT,FHD,no,
547ab7146a86d6119c9332c011669544720124e3,,EUROSPORT 1 HD 24e3 --> NEW LOOP,,Eurosport 1 HD,EUROSPORT 1,,EUROSPORT,HD,no,
2773b39926d15dd3d9495d94c4050604792d7031,,EUROSPORT 2 FHD 7031 --> NEW ERA,,Eurosport 2,EUROSPORT 2,,EUROSPORT,FHD,no,
7aa9cc819c6fa781dea6b4de3aa5393258b766d8,,EUROSPORT 2 HD 66d8 --> SPORT TV,,Eurosport 2,EUROSPORT 2,,EUROSPORT,HD,no,
ac675c82d6dfd4a201532c18b42e48dacb7c32c6,,EUROSPORT 2 HD 32c6 --> SPORT TV,,Eurosport 2,EUROSPORT 2,,EUROSPORT,HD,no,
37d6f1aabcde81ee6e4873b4db6b7bb8964af8bf,,EUROSPORT 2 FHD f8bf --> NEW ERA VI,,Eurosport 2,EUROSPORT 2,,EUROSPORT,FHD,no,
dc4ccb9e72550bc72be9360aa7d77e337ad11ecc,,EUROSPORT 2 FHD 1ecc --> NEW ERA,,Eurosport 2,EUROSPORT 2,,EUROSPORT,FHD,no,
6176281b9c46a5621a0e88524f8dc621f173b8e0,,EUROSPORT 2 HD b8e0 --> SPORT TV,,Eurosport 2,EUROSPORT 2,,EUROSPORT,HD,no,
8bdeb6055da0be3bd1e1977dbf3640408f7d0267,,DAZN EVENTOS 2 0267 --> NEW ERA,,Unknown,DAZN EVENTOS 2,,EVENTOS,HD,no,
4b048bcfaed7daec454e88f0e29b56756300447d,,DAZN EVENTOS 3 447d --> NEW ERA,,Unknown,DAZN EVENTOS 3,,EVENTOS,HD,no,
6422e8bc34282871634c81947be093c04ad1bb29,,DAZN F1 FHD bb29 --> NEW ERA,,DAZN F1 HD,DAZN F1,,FORMULA 1,FHD,no,
d5cf2dfa4fb4165ce58bf9db815088c28fec7711,,DAZN F1 FHD 7711 --> NEW ERA,,DAZN F1 HD,DAZN F1,,FORMULA 1,FHD,no,
b04372b9543d763bd2dbd2a1842d9723fd080076,,DAZN F1 0076 --> SPORT TV,,DAZN F1 HD,DAZN F1,,FORMULA 1,HD,no,
3f5b7e2f883fe4b4b973e198d147a513d5c7c32a,,DAZN F1 FHD c32a --> NEW ERA VI,,DAZN F1 HD,DAZN F1,,FORMULA 1,FHD,no,
d65257bb934b73647374224fd62d836815804be2,,DAZN F1 HD 4be2 --> SPORT TV,,DAZN F1 HD,DAZN F1,,FORMULA 1,HD,no,
4bc6f4cb6697c1defc981c0afe1a4c3a62284aee,,DAZN F1 SD 4aee --> NEW ERA,,DAZN F1 HD,DAZN F1,,FORMULA 1,HD,no,
c9c18ae7a9dafba1caae5beb22060f9c92bba553,,DAZN F1 FHD a553 --> NEW ERA,,DAZN F1 HD,DAZN F1,,FORMULA 1,FHD,no,
515efd8115482bda8d92aa6df9a882a5e5797494,,DAZN F1 FHD 7494 --> NEW ERA,,DAZN F1 HD,DAZN F1,,FORMULA 1,FHD,no,
b5f3cc5cd66c98bae9d65df43ecee6c02d18aebd,,DAZN F1 FHD aebd --> NEW ERA II,,DAZN F1 HD,DAZN F1,,FORMULA 1,FHD,no,
38e9ae1ee0c96d7c6187c9c4cc60ffccb565bdf7,,DAZN F1 FHD bdf7 --> NEW ERA VI,,DAZN F1 HD,DAZN F1,,FORMULA 1,FHD,no,
bba1905fcd1c4975aec544047bf8e4cd23ce3fe0,,BEIN SPORTS 1 3fe0 --> SPORT TV,,FR | beIN SPORTS 1,BEIN SPORTS 1,,FUTBOL INT,HD,no,
118416583faa3fb4f03800173429b6b844b43a52,,beIN SPORTS HD 1 (TR) 3a52 --> SPORT TV,,TR | beIN SPORTS 1,BEIN SPORTS 1 (TR),,FUTBOL INT,HD,no,
edb507e38394d614c9ff55805c9d354ae13210bc,,BEIN SPORTS 2 10bc --> SPORT TV,,FR | beIN SPORTS 2,BEIN SPORTS 2,,FUTBOL INT,HD,no,
731bd3336ec0986ff9100efe40dbaf1473a22cf8,,BEIN SPORTS 3 2cf8 --> SPORT TV,,FR | beIN SPORTS 3,BEIN SPORTS 3,,FUTBOL INT,HD,no,
efc60cfe5e3a349baa02bcc49f6647c21a9c3c5b,,BT Sport 1 [UK] 3c5b --> SPORT TV,,UK | TNT Sports 1,BT SPORT 1 [UK],,FUTBOL INT,HD,no,
fc5089d8e1519872fdf951779ccbca913acc9bce,,BT Sport 1 [UK] 9bce --> SPORT TV,,UK | TNT Sports 1,BT SPORT 1 [UK],,FUTBOL INT,HD,no,
d63d8a57cf471394bfa9f619bbd68b01ae27a801,,BT Sport 2 [UK] a801 --> SPORT TV,,UK | TNT Sports 2,BT SPORT 2 [UK],,FUTBOL INT,HD,no,
5f966c123759de46dff29c379266b7a403452033,,BT Sport 3 [UK] 2033 --> SPORT TV,,UK | TNT Sports 3,BT SPORT 3 [UK],,FUTBOL INT,HD,no,
36cad67fed5a739757a9db844a551aa845a8d51b,,ELEVEN DAZN 1 d51b --> SPORT TV,,PT | DAZN 1,ELEVEN DAZN 1,,FUTBOL INT,HD,no,
7ac2d74ef6df9d15012992d7e0e635a95f58c652,,ELEVEN DAZN 1 c652 --> SPORT TV,,PT | DAZN 1,ELEVEN DAZN 1,,FUTBOL INT,HD,no,
14407b00d454cb7dc0d70aa26e8bbc554f457f00,,ELEVEN DAZN 1 HD 7f00 --> SPORT TV,,PT | DAZN 1,ELEVEN DAZN 1,,FUTBOL INT,HD,no,
d08013df6e437a1fdf1e0c34f573fdf6a40c7fce,,ELEVEN DAZN 2 7fce --> SPORT TV,,PT | DAZN 2,ELEVEN DAZN 2,,FUTBOL INT,HD,no,
54a4a28882d3cae1ca19de5d4b022ebea40351f9,,ELEVEN DAZN 2 HD 51f9 --> SPORT TV,,PT | DAZN 2,ELEVEN DAZN 2,,FUTBOL INT,HD,no,
dae7d1251f069516cc0a9c8f15f6639d2a17df1e,,ELEVEN DAZN 3 df1e --> SPORT TV,,PT | DAZN 3,ELEVEN DAZN 3,,FUTBOL INT,HD,no,
b146ee4b6e16c9df58e27bd02ffd6cea840ff212,,ELEVEN DAZN 3 HD f212 --> SPORT TV,,PT | DAZN 3,ELEVEN DAZN 3,,FUTBOL INT,HD,no,
0f32c0131a2d9444996410801f4e18b04384db98,,ELEVEN DAZN 4 db98 --> SPORT TV,,PT | DAZN 4,ELEVEN DAZN 4,,FUTBOL INT,HD,no,
458a0ddd7d193f6d2750cd14d03a47f47a808e09,,ELEVEN DAZN 4 HD 8e09 --> SPORT TV,,PT | DAZN 4,ELEVEN DAZN 4,,FUTBOL INT,HD,no,
4dbe63b44fc4f439f5b634c0d2aa7e0cccad808a,,ELEVEN DAZN 5 808a --> SPORT TV,,PT | DAZN 5,ELEVEN DAZN 5,,FUTBOL INT,HD,no,
50b6d2b5fd59fefb9f4fd2176994d418f2b94a80,,ELEVEN DAZN 6 4a80 --> SPORT TV,,PT | DAZN 6,ELEVEN DAZN 6,,FUTBOL INT,HD,no,
3e0ba6867173f345d482d80c771f1a5dc3b37e63,,ESPN 2 [BE] 7e63 --> SPORT TV,,ESPN 2,ESPN 2 [BE],,FUTBOL INT,HD,no,
5f9b19c57195cc28ab81e0ec8cad03b55118687a,,ESPN 4 [BE] 687a --> SPORT TV,,ESPN 4,ESPN 4 [BE],,FUTBOL INT,HD,no,
4bf4431b4815f07c1b3749f5a10f905ba566cd47,,ESPN ARGENTINA cd47 --> NEW ERA,,Unknown,ESPN ARGENTINA,,FUTBOL INT,HD,no,
ab7f9cc29ad09ee9575fed758ab317c818fdc491,,ESPN ARGENTINA 2 HD c491 --> NEW ERA,,Unknown,ESPN ARGENTINA 2,,FUTBOL INT,HD,no,
d872a44653bf2ad232d5f8476597754b69e3d56c,,ESPN ARGENTINA 3 HD d56c --> NEW ERA,,Unknown,ESPN ARGENTINA 3,,FUTBOL INT,HD,no,
79f10c6c6168e42bfc606f3f7b9e5f3ca79dedab,,ESPN [BE] edab --> SPORT TV,,ESPN,ESPN [BE],,FUTBOL INT,HD,no,
4b4907de51ec11087d4bed5876f2a0c68264f442,,ESPN HD [US] f442 --> SPORT TV,,ESPN,ESPN [US],,FUTBOL INT,HD,no,
664eb5fe460b96941aed633959a845b185cd8394,,ESPN2 [US] 8394 --> SPORT TV,,ESPN 2,ESPN2 [US],,FUTBOL INT,HD,no,
75a56863b6fe0407ad4305b4d7ee5643c3923565,,PREMIER SPORTS 1 3565 --> SPORT TV,,UK | Premier Sports 1,PREMIER SPORTS 1,,FUTBOL INT,HD,no,
4903ca695edb64bc72ae29eb85a5333ba0139537,,PREMIER SPORTS 2 9537 --> SPORT TV,,UK | Premier Sports 2,PREMIER SPORTS 2,,FUTBOL INT,HD,no,
6ad87abc93cc3c8508be327e313afcd3aa37ec0b,,S SPORT 1 FHD ec0b --> NEW ERA,,Unknown,S SPORT 1,,FUTBOL INT,FHD,no,
8dbe2d515e9131fa311353537736f8c94be9b26d,,SKY SPORTS FOOTBALL b26d --> SPORT TV,,UK | Sky Sport Football,SKY SPORTS FOOTBALL,,FUTBOL INT,HD,no,
999db87cb68b0a671d61a858da7d79dd97b0c0a4,,TR: S SPORT 2 HD c0a4 --> NEW ERA,,Unknown,TR: S SPORT 2,,FUTBOL INT,HD,no,
868a6187d6aeec65ded84bd777814c9f7b7a9027,,ZIGGO SPORT 2 9027 --> SPORT TV,,Ziggo.Sport.2.nl,ZIGGO SPORT 2,,FUTBOL INT,HD,no,
9231f38e71a85ad24b4c11a5e360992e30c916ed,,ZIGGO SPORT 6 16ed --> SPORT TV,,Ziggo.Sport.6.nl,ZIGGO SPORT 6,,FUTBOL INT,HD,no,
87bb542f974b6b9e89d0f2e20ed6dc93426f4be0,LaLiga TV Hypermotion 1080p **,HYPERMOTION 4be0 --> ELCANO,LaLiga TV Hypermotion HD,LaLiga TV Hypermotion HD,HYPERMOTION,HYPERMOTION,HYPERMOTION,FHD,no,
a4f072c9b614323ac1258a175f868a909ea3c8cd,,HYPERMOTION c8cd --> ELCANO,,LaLiga TV Hypermotion HD,HYPERMOTION,,HYPERMOTION,HD,no,
70f22be1286ef224b5e4e9451d9a42468152cda4,,HYPERMOTION FHD cda4 --> NEW ERA VI,,LaLiga TV Hypermotion HD,HYPERMOTION,,HYPERMOTION,FHD,yes,
8ee52f6208e33706171856f99d2ed2dabd317f3a,,HYPERMOTION FHD 7f3a --> NEW ERA VI,,LaLiga TV Hypermotion HD,HYPERMOTION,,HYPERMOTION,FHD,yes,
8a05571c0c8fe53f160fb7d116cdf97243679e86,,HYPERMOTION 2 FHD 9e86 --> NEW ERA VI,,LaLiga TV Hypermotion 2,HYPERMOTION 2,,HYPERMOTION,FHD,no,
1ba18731a8e18bb4b3a5dfa5bb7b0f05762849a6,,HYPERMOTION 3 FHD 49a6 --> NEW ERA VI,,LaLiga TV Hypermotion 3,HYPERMOTION 3,,HYPERMOTION,FHD,no,
1bb5bf76fb2018d6db9aaa29b1467ecdfabe2884,,DAZN LA LIGA 1 FHD 2884 --> NEW ERA VI,,DAZN LaLiga HD,DAZN LA LIGA 1,,LA LIGA,FHD,yes,DAZN LA LIGA 2
0e50439e68aa2435b38f0563bb2f2e98f32ff4b1,,DAZN LA LIGA 1 FHD f4b1 --> NEW ERA VI,,DAZN LaLiga HD,DAZN LA LIGA 1,,LA LIGA,FHD,no,
19f28f60c908f987b1a03da078e63320d7bf29e8,,DAZN LA LIGA 1 29e8 --> NEW ERA,,DAZN LaLiga HD,DAZN LA LIGA 1,,LA LIGA,HD,no,
dda5d2cace9bc4cb0918e62bc50d657d4a10496a,,DAZN LA LIGA 1 496a --> SPORT TV,,DAZN LaLiga HD,DAZN LA LIGA 1,,LA LIGA,HD,no,
d1596a3988b84a4d2711fd380eb8a53256ad74ae,,DAZN LA LIGA 1 FHD 74ae --> NEW ERA,,DAZN LaLiga HD,DAZN LA LIGA 1,,LA LIGA,FHD,yes,
4e6d9cf7d177366045d33cd8311d8b1d7f4bed1f,,DAZN LA LIGA 1 ed1f --> ELCANO,,DAZN LaLiga HD,DAZN LA LIGA 1,,LA LIGA,HD,no,
5091ea94b75ba4b50b078b4102a3d0e158ef59c3,,DAZN LA LIGA 2 FHD 59c3 --> NEW ERA VI,,DAZN LaLiga 2 HD,DAZN LA LIGA 2,,LA LIGA,FHD,no,
635b61c1f240449163260cd914d10d886a54fee3,,DAZN LA LIGA 2 FHD fee3 --> NEW ERA,,DAZN LaLiga 2 HD,DAZN LA LIGA 2,,LA LIGA,FHD,no,
8c30b600cc48899991b452805df48b68d998e61c,,M+ LALIGA FHD e61c --> NEW ERA VI,,M+ LaLiga HD,M+ LALIGA,,LA LIGA,FHD,no,
af458073c3096293a4dea9f369d4f308e7125bd6,,M+ LALIGA FHD 5bd6 --> NEW ERA,,M+ LaLiga HD,M+ LALIGA,,LA LIGA,FHD,no,
31c19ffb3472c289c5bbbbc174449c8ed0d19e38,,M+ LALIGA 9e38 --> SPORT TV,,M+ LaLiga HD,M+ LALIGA,,LA LIGA,HD,no,
107c3ce5a5d2527c9f06e4eab87477201791f231,,M+ LALIGA FHD f231 --> NEW ERA VI,,M+ LaLiga HD,M+ LALIGA,,LA LIGA,FHD,yes,
911ad127726234b97658498a8b790fdd7516541d,,M+ LALIGA 2 FHD 541d --> NEW ERA VI,,M+ LaLiga 2 HD,M+ LALIGA 2,,LA LIGA,FHD,no,
b8eb9c9868d487402569bba2d97a8af113d033fe,,M+ LALIGA 2 33fe --> SPORT TV,,M+ LaLiga 2 HD,M+ LALIGA 2,,LA LIGA,HD,no,
caa631e8850e3eb5e7c039063dd8a339ccef1176,,M+ LALIGA 2 FHD 1176 --> NEW ERA,,M+ LaLiga 2 HD,M+ LALIGA 2,,LA LIGA,FHD,no,
7ad14386deef2f45ffe17d30a631dbf79b6a1a87,,M+ LALIGA 3 1a87 --> ELCANO,,M+ LaLiga 3 HD,M+ LALIGA 3,,LA LIGA,HD,no,
c9afaf4965ad627ea6983fec9f63e0c1e857028d,,M+ LALIGA 3 FHD 028d --> NEW ERA,,M+ LaLiga 3 HD,M+ LALIGA 3,,LA LIGA,FHD,no,
571ce113b9d600a145766443d7417eccab2e1846,,M+ LALIGA 3 1846 --> SPORT TV,,M+ LaLiga 3 HD,M+ LALIGA 3,,LA LIGA,HD,no,
22178d72e0f255dedd7e56f9474fea879289a6f1,,M+ LALIGA 4 a6f1 --> SPORT TV,,M+ LaLiga 4,M+ LALIGA 4,,LA LIGA,HD,no,
e572a5178ff72eed7d1d751a18b4b3419699f370,,LIGA DE CAMPEONES f370 --> SPORT TV,,M+ Liga de Campeones HD,LIGA DE CAMPEONES,,LIGA DE CAMPEONES,HD,no,
152169ce99e1fd27f2249c18384a121079cdef29,,LIGA DE CAMPEONES 4K ef29 --> NEW ERA,,M+ Liga de Campeones HD,LIGA DE CAMPEONES,,LIGA DE CAMPEONES,UHD,no,
0f7842f8b6c26571e5a974407b61623e56e6a052,,LIGA DE CAMPEONES FHD a052 --> NEW ERA VI,,M+ Liga de Campeones HD,LIGA DE CAMPEONES,,LIGA DE CAMPEONES,FHD,no,
97df5b7824948972d041d8ca2a4d29c90b641bc9,,LIGA DE CAMPEONES 1bc9 --> ELCANO,,M+ Liga de Campeones HD,LIGA DE CAMPEONES,,LIGA DE CAMPEONES,HD,no,
b028202ff335911db3118bceac027df3e8ef6c32,M+ Liga de Campeones 720p **,LIGA DE CAMPEONES 6c32 --> ELCANO,M+ Liga de Campeones HD,M+ Liga de Campeones HD,LIGA DE CAMPEONES,LIGA DE CAMPEONES,LIGA DE CAMPEONES,HD,no,
afbf1ef8812e7b0a0977fa3a0a2d3a6d3cbd6c6f,,LIGA DE CAMPEONES FHD 6c6f --> NEW ERA II,,M+ Liga de Campeones HD,LIGA DE CAMPEONES,,LIGA DE CAMPEONES,FHD,no,
afbf2a479c5a5072698139f0f556ef3e77a99bd0,,LIGA DE CAMPEONES FHD 9bd0 --> NEW ERA,,M+ Liga de Campeones HD,LIGA DE CAMPEONES,,LIGA DE CAMPEONES,FHD,no,
2b51710cee513e8939785fa3e7980f32d4e0415f,,LIGA DE CAMPEONES 415f --> ELCANO,,M+ Liga de Campeones HD,LIGA DE CAMPEONES,,LIGA DE CAMPEONES,HD,no,
f3eea003e23f94dc2d527306de9dd386e3ebf4ba,,LIGA DE CAMPEONES FHD f4ba --> NEW ERA VI,,M+ Liga de Campeones HD,LIGA DE CAMPEONES,,LIGA DE CAMPEONES,FHD,yes,
778f08cbae9596ed9e8b2ae0af33ee7a6fe24c6a,,LIGA DE CAMPEONES FHD 4c6a --> NEW ERA,,M+ Liga de Campeones HD,LIGA DE CAMPEONES,,LIGA DE CAMPEONES,FHD,no,
0103373118989085dd0d02667c629ee36d462cb1,,LIGA DE CAMPEONES 10 FHD 2cb1 --> NEW ERA,,M+ Liga de Campeones 10,LIGA DE CAMPEONES 10,,LIGA DE CAMPEONES,FHD,no,
6e12a5849a4edea248ed9c8689e58bd66fc9f8fa,,LIGA DE CAMPEONES 11 FHD f8fa --> NEW ERA,,M+ Liga de Campeones 11,LIGA DE CAMPEONES 11,,LIGA DE CAMPEONES,FHD,no,
130d37f9a68bd8f29f0d636dcde522a1e91d1cb7,,LIGA DE CAMPEONES 12 FHD 1cb7 --> NEW ERA,,M+ Liga de Campeones 12,LIGA DE CAMPEONES 12,,LIGA DE CAMPEONES,FHD,no,
773ef9e2d2feb4f80ef558b253c72fda8d8e53cf,,LIGA DE CAMPEONES 14 SD 53cf --> NEW ERA,,M+ Liga de Campeones 14,LIGA DE CAMPEONES 14,,LIGA DE CAMPEONES,HD,no,
47ce8fe15adfcf4e1749b0c0dee1fc79a3d5ca6d,,LIGA DE CAMPEONES 15 SD ca6d --> NEW ERA,,M+ Liga de Campeones 15,LIGA DE CAMPEONES 15,,LIGA DE CAMPEONES,HD,no,
348cc65d5cbd5a77da0fe006ce97eff6ad72b9da,,LIGA DE CAMPEONES 16 SD b9da --> NEW ERA,,M+ Liga de Campeones 16,LIGA DE CAMPEONES 16,,LIGA DE CAMPEONES,HD,no,
a15a132ffe7867a2b61b49617df39a8309cce27c,,LIGA DE CAMPEONES 17 SD e27c --> NEW ERA,,M+ Liga de Campeones 17,LIGA DE CAMPEONES 17,,LIGA DE CAMPEONES,HD,no,
e7d8cae7f693fe46e89bbf74820caac9ffb32a30,,LIGA DE CAMPEONES 2 FHD 2a30 --> NEW ERA VI,,M+ Liga de Campeones 2 HD,LIGA DE CAMPEONES 2,,LIGA DE CAMPEONES,FHD,yes,
bb26037a253866d341778181eff5c8637240d615,,LIGA DE CAMPEONES 2 d615 --> ELCANO,,M+ Liga de Campeones 2 HD,LIGA DE CAMPEONES 2,,LIGA DE CAMPEONES,HD,no,
4fc6d0331830ad8743abab2fe2473b63bdfbc49f,,LIGA DE CAMPEONES 2 FHD c49f --> NEW ERA,,M+ Liga de Campeones 2 HD,LIGA DE CAMPEONES 2,,LIGA DE CAMPEONES,FHD,no,
4b18a3b32df5960ed950fa907f8d509b1ad2a188,,LIGA DE CAMPEONES 2 FHD a188 --> NEW ERA II,,M+ Liga de Campeones 2 HD,LIGA DE CAMPEONES 2,,LIGA DE CAMPEONES,FHD,yes,
338b5de78b0b40a6f9ca3cc0cf9be93341b9ceea,,LIGA DE CAMPEONES 2 ceea --> SPORT TV,,M+ Liga de Campeones 2 HD,LIGA DE CAMPEONES 2,,LIGA DE CAMPEONES,HD,no,
498c56bd00f535e440c392de5af992421a31355c,,LIGA DE CAMPEONES 2 FHD 355c --> NEW ERA,,M+ Liga de Campeones 2 HD,LIGA DE CAMPEONES 2,,LIGA DE CAMPEONES,FHD,no,
c6a3673f6a37b1bd3cf31fdd6404dd33d48cfccb,,LIGA DE CAMPEONES 2 FHD fccb --> NEW ERA,,M+ Liga de Campeones 2 HD,LIGA DE CAMPEONES 2,,LIGA DE CAMPEONES,FHD,no,
ea03cc51980996ba6f2da49e30eee1de8a66ae54,,LIGA DE CAMPEONES 2 FHD ae54 --> NEW ERA II,,M+ Liga de Campeones 2 HD,LIGA DE CAMPEONES 2,,LIGA DE CAMPEONES,FHD,yes,
1dece791d28be6a5af78537ac4864ec01fa0a6d8,,LIGA DE CAMPEONES 3 FHD a6d8 --> NEW ERA,,M+ Liga de Campeones 3 HD,LIGA DE CAMPEONES 3,,LIGA DE CAMPEONES,FHD,no,
07976f79d17a439d7aff46cf0d4cfdf80311caf5,,LIGA DE CAMPEONES 3 FHD caf5 --> NEW ERA,,M+ Liga de Campeones 3 HD,LIGA DE CAMPEONES 3,,LIGA DE CAMPEONES,FHD,no,
17b8bc4bf8e29547b0071c742e3d7da3bcbc484d,,LIGA DE CAMPEONES 3 FHD 484d --> NEW ERA,,M+ Liga de Campeones 3 HD,LIGA DE CAMPEONES 3,,LIGA DE CAMPEONES,FHD,no,
90f7941c6bf7ca4b18084a1dca7bc15b9b179373,,LIGA DE CAMPEONES 3 9373 --> SPORT TV,,M+ Liga de Campeones 3 HD,LIGA DE CAMPEONES 3,,LIGA DE CAMPEONES,HD,no,
66b373c0da20ac615996dbd1c340087f50a9a39e,,LIGA DE CAMPEONES 3 FHD a39e --> NEW ERA,,M+ Liga de Campeones 3 HD,LIGA DE CAMPEONES 3,,LIGA DE CAMPEONES,FHD,no,
2b5129adc57d43790634d796fe3468b9fd061259,,LIGA DE CAMPEONES 3 FHD 1259 --> NEW ERA VI,,M+ Liga de Campeones 3 HD,LIGA DE CAMPEONES 3,,LIGA DE CAMPEONES,FHD,yes,
6fbab1d8d6bf93c4bc7552714aa3bb54ebf7b661,,LIGA DE CAMPEONES 4 b661 --> SPORT TV,,M+ Liga de Campeones 4,LIGA DE CAMPEONES 4,,LIGA DE CAMPEONES,HD,no,
77998f8161373611ff6b348e7eda5b4e97d3ec29,,LIGA DE CAMPEONES 4 FHD ec29 --> NEW ERA,,M+ Liga de Campeones 4,LIGA DE CAMPEONES 4,,LIGA DE CAMPEONES,FHD,no,
cb6410a6355a645cfc6f6f5a7c7d71298fcbc2c5,,LIGA DE CAMPEONES 5 FHD c2c5 --> NEW ERA,,M+ Liga de Campeones 5,LIGA DE CAMPEONES 5,,LIGA DE CAMPEONES,FHD,no,
85421919c34bb222ec6363f66c1eb88e999d4ff3,,LIGA DE CAMPEONES 6 FHD 4ff3 --> NEW ERA,,M+ Liga de Campeones 6,LIGA DE CAMPEONES 6,,LIGA DE CAMPEONES,FHD,no,
976983697790ab8a07b764b08843529d38bc6444,,LIGA DE CAMPEONES 6 FHD 6444 --> NEW ERA,,M+ Liga de Campeones 6,LIGA DE CAMPEONES 6,,LIGA DE CAMPEONES,FHD,no,
0b48cd93de3c714e36961a93805798307a5608ac,,Fox Sports 2 ARG HD 08ac --> NEW ERA,,Unknown,FOX SPORTS 2 ARG,,LIGA ENDESA,HD,no,
3bdf355aeaac39d20e368ebb2ed72b9f71bf9090,,Fox Sports 2 COL HD 9090 --> NEW ERA,,Unknown,FOX SPORTS 2 COL,,LIGA ENDESA,HD,no,
35e17cc84abc5e393b5acd688536a9681105f2d5,,CANAL MOTOR f2d5 --> NEW LOOP,,Unknown,CANAL MOTOR,,MOTOR,HD,no,
442aeb6643b8836f9d00361c9e48eeb0841ddf98,,MOTORS TV HD df98 --> NEW LOOP,,Unknown,MOTORS TV,,MOTOR,HD,no,
9c75e6ed0671eec6670cb2eabcc7d78267c7f404,,MOTORVISION f404 --> NEW LOOP,,Motorvision tv,MOTORVISION,,MOTOR,HD,no,
651dd1e689a9a7d3b0695191dcf44b4d6e7541eb,,RALLY TV FHD 41eb --> NEW ERA,,DE | Rally TV,RALLY TV,,MOTOR,FHD,no,
8e96e35afd910d1a056dc7bf25139b8e2849b2ea,,RALLY TV b2ea --> NEW ERA III,,DE | Rally TV,RALLY TV,,MOTOR,HD,no,
b8b8c4470d3d27c75302cf49ab6c4b52a660bff3,,RETROVISION MOTOR bff3 --> NEW LOOP,,Unknown,RETROVISION MOTOR,,MOTOR,HD,no,
55ff9ee631af351f365f51cf3601695bf1fd20f3,,AMC HD 20f3 --> NEW ERA,,AMC HD,AMC,,MOVISTAR,HD,no,
96f092e1fa99062f6da14cae230b877ad3ed849b,,CANAL COCINA FHD 849b --> NEW ERA,,Canal Cocina,CANAL COCINA,,MOVISTAR,FHD,no,
277a6fb47189db801c5b7b05ad89c690571f3e9c,,CAZA Y PESCA FHD HD 3e9c --> NEW ERA III,,Caza y Pesca HD,CAZA Y PESCA,,MOVISTAR,FHD,no,
8b9e46eb3a9b4ef23b7d3d86c73a0851580f8caa,,CAZA Y PESCA FHD HD 8caa --> NEW ERA,,Caza y Pesca HD,CAZA Y PESCA,,MOVISTAR,FHD,no,
25465ea2deba65c623b7659136abf6fcc9f5dc20,,DARK HD dc20 --> NEW ERA III,,DARK,DARK,,MOVISTAR,HD,no,
155d742120310a0ca80b0c8833d94979aa7f0b08,,DECASA FHD 0b08 --> NEW ERA,,Decasa,DECASA,,MOVISTAR,FHD,no,
670519ffe8db1e20d0c753d4f756c009e71173d8,,DISCOVERY CHANNEL HD 73d8 --> NEW ERA,,Discovery,DISCOVERY CHANNEL,,MOVISTAR,HD,no,
102bcb79ca391e37ac1fc9ee77dc53440d0a59ce,,MOVISTAR ACCION FHD 59ce --> NEW ERA,,M+ Acción HD,MOVISTAR ACCION,,MOVISTAR,FHD,no,
089673779de9fa7a18ac8dc26eb4a79cf5a86f96,,MOVISTAR ACCION FHD 6f96 --> NEW ERA VI,,M+ Acción HD,MOVISTAR ACCION,,MOVISTAR,FHD,no,
e4bce95dd4faeb9cb09ade36a0636bc4b22b691c,,MOVISTAR CINE ESPAÑOL FHD 691c --> NEW ERA VI,,M+ Cine Español,MOVISTAR CINE ESPAÑOL,,MOVISTAR,FHD,no,
6462c8f65fcaa6e4fc874fef8d1e45bb7a7e6bae,,MOVISTAR CLASICOS FHD 6bae --> NEW ERA VI,,M+ Clásicos HD,MOVISTAR CLASICOS,,MOVISTAR,FHD,no,
cf0cb321eed6765c2eadbd9983570f6674ce5df6,,MOVISTAR COMEDIA FHD 5df6 --> NEW ERA VI,,M+ Comedia HD,MOVISTAR COMEDIA,,MOVISTAR,FHD,no,
b3fc9b5647c5933b101c0b6b64322590c68587b9,,MOVISTAR DOCUMENTALES FHD 87b9 --> NEW ERA VI,,M+ Documentales HD,MOVISTAR DOCUMENTALES,,MOVISTAR,FHD,no,
a6de6a4977d7801bbddc9c7739d822f4beb358ae,,MOVISTAR DRAMA FHD 58ae --> NEW ERA VI,,M+ Drama HD,MOVISTAR DRAMA,,MOVISTAR,FHD,no,
192f2ac5b372dfddef694e48edd2d56e308b51e7,,MOVISTAR ESTRENOS FHD 51e7 --> NEW ERA,,M+ Estrenos HD,MOVISTAR ESTRENOS,,MOVISTAR,FHD,no,
5d35f906b735f25164fa2b9b7a4e6ef91dfed131,,MOVISTAR ESTRENOS FHD d131 --> NEW ERA VI,,M+ Estrenos HD,MOVISTAR ESTRENOS,,MOVISTAR,FHD,no,
50553edb5e8c54d15e0d43161369b3b4cef95065,,MOVISTAR HITS FHD 5065 --> NEW ERA VI,,M+ Hits HD,MOVISTAR HITS,,MOVISTAR,FHD,no,
7716c9fd5bd4413715e4e26f97efb91802f6ee80,,MOVISTAR INDIE FHD ee80 --> NEW ERA VI,,M+ Indie HD,MOVISTAR INDIE,,MOVISTAR,FHD,no,
096b817fcc836535f608facb15fca6408fae3162,,MOVISTAR ORIGINALES FHD 3162 --> NEW ERA VI,,M+ Originales HD,MOVISTAR ORIGINALES,,MOVISTAR,FHD,no,
b6ffbbc72a5b6b579faf79ebac229af7a25b933b,,MOVISTAR PLUS FHD 933b --> NEW ERA,,Movistar Plus+ HD,MOVISTAR PLUS,,MOVISTAR,FHD,no,
199190e3f28c1de0be34bccf0d3568dc65209b99,,MOVISTAR PLUS FHD 9b99 --> NEW ERA VI,,Movistar Plus+ HD,MOVISTAR PLUS,,MOVISTAR,FHD,no,
5866e83279307bf919068ae7a0d250e4e424e464,,MOVISTAR PLUS FHD e464 --> NEW ERA VI,,Movistar Plus+ HD,MOVISTAR PLUS,,MOVISTAR,FHD,no,
e19c1fc5e3ada56c60d45257f7f4ed0d14bf7003,,MOVISTAR PLUS 2 FHD 7003 --> NEW ERA VI,,Movistar Plus+ 2 HD,MOVISTAR PLUS 2,,MOVISTAR,FHD,no,
fbc39d8a9e5d7c9ac6a1438d440104620f54e09c,,MOVISTAR PLUS 2 FHD e09c --> NEW ERA,,Movistar Plus+ 2 HD,MOVISTAR PLUS 2,,MOVISTAR,FHD,no,
cd0188292b6b3876ff66c99bd3d25eab88b41079,,ONETORO FHD 1079 --> NEW ERA,,Onetoro,ONETORO,,MOVISTAR,FHD,no,
877eceeaf9f3bd9b392359323d03d0ac3bb27312,,ONETORO FHD 7312 --> NEW ERA III,,Onetoro,ONETORO,,MOVISTAR,FHD,no,
19cab799c86251ae8ae5f4b4faace9b78d784abc,,Ten TV FHD 4abc --> NEW ERA,,Ten,TEN TV,,MOVISTAR,FHD,no,
d48b299bbcd811cfd14159224bf5012a305021c1,,TVG EUROPA HD 21c1 --> NEW ERA,,TVG Europa HD,TVG EUROPA,,MOVISTAR,HD,no,
ef9dcc4eaac36a0f608b52a31f8ab237859e071a,,MOVISTAR DEPORTES FHD 071a --> NEW ERA,,M+ Deportes HD,MOVISTAR DEPORTES,,MOVISTAR DEPORTES,FHD,yes,
3692ea4cdda97eb0062ed5d656ebd61f149ebd0b,,MOVISTAR DEPORTES FHD bd0b --> NEW ERA VI,,M+ Deportes HD,MOVISTAR DEPORTES,,MOVISTAR DEPORTES,FHD,no,
5d3f582738467aaf213e408601aca5cc13fa9359,,MOVISTAR DEPORTES FHD 9359 --> NEW ERA VI,,M+ Deportes HD,MOVISTAR DEPORTES,,MOVISTAR DEPORTES,FHD,no,
f828a32d8ea03a3cabd3ce3ebecb249ec111c7e5,,MOVISTAR DEPORTES FHD c7e5 --> NEW ERA,,M+ Deportes HD,MOVISTAR DEPORTES,,MOVISTAR DEPORTES,FHD,no,
3afe1af18f8ff78e9946856911b00c67477052b5,,MOVISTAR DEPORTES 2 HD 52b5 --> SPORT TV,,M+ Deportes 2 HD,MOVISTAR DEPORTES 2,,MOVISTAR DEPORTES,HD,no,
73d38feaa770d788848ec098470e32670fe55a61,,MOVISTAR DEPORTES 2 FHD 5a61 --> NEW ERA VI,,M+ Deportes 2 HD,MOVISTAR DEPORTES 2,,MOVISTAR DEPORTES,FHD,no,
39fefdecfc953dcf6e7c589739bf486c2e605ed0,,MOVISTAR DEPORTES 3 HD 5ed0 --> SPORT TV,,M+ Deportes 3,MOVISTAR DEPORTES 3,,MOVISTAR DEPORTES,HD,no,
29d786d72d4b53dbc333af3a50f8fb021aa0296f,,MOVISTAR DEPORTES 3 FHD 296f --> NEW ERA VI,,M+ Deportes 3,MOVISTAR DEPORTES 3,,MOVISTAR DEPORTES,FHD,yes,
37825883ed185365e3194a79207347f6c7bd5ba5,,MOVISTAR DEPORTES 4 FHD 5ba5 --> NEW ERA VI,,M+ Deportes 4,MOVISTAR DEPORTES 4,,MOVISTAR DEPORTES,FHD,yes,
8b5f9d967384afab226dd759e6e9dfaee9993869,,MOVISTAR DEPORTES 4 HD 3869 --> SPORT TV,,M+ Deportes 4,MOVISTAR DEPORTES 4,,MOVISTAR DEPORTES,HD,no,
5913205fb6d6d162a50222709aab6129eb7cf916,,MOVISTAR DEPORTES 5 FHD f916 --> NEW ERA,,M+ Deportes 5,MOVISTAR DEPORTES 5,,MOVISTAR DEPORTES,FHD,no,
3230cdca852a10325222e3c546e499e31d547a90,,MOVISTAR DEPORTES 5 HD 7a90 --> SPORT TV,,M+ Deportes 5,MOVISTAR DEPORTES 5,,MOVISTAR DEPORTES,HD,no,
6dc4ac4eeae18e9daec433b01db82435cf84c57c,,MOVISTAR DEPORTES 5 FHD c57c --> NEW ERA VI,,M+ Deportes 5,MOVISTAR DEPORTES 5,,MOVISTAR DEPORTES,FHD,no,
8f982a0d6e3196c12d0034142b65008321150f7c,,MOVISTAR DEPORTES 6 HD 0f7c --> SPORT TV,,M+ Deportes 6,MOVISTAR DEPORTES 6,,MOVISTAR DEPORTES,HD,no,
594b59d435527327c9b6965f247995b907bfc285,,MOVISTAR ELLAS FHD c285 --> NEW ERA VI,,M+ Ellas Vamos HD,MOVISTAR ELLAS,,MOVISTAR DEPORTES,FHD,no,
b2ee974d9cd40f2f251656cf5cb9a7a93ed05e97,,MOVISTAR ELLAS 5e97 --> ELCANO,,M+ Ellas Vamos HD,MOVISTAR ELLAS,,MOVISTAR DEPORTES,HD,no,
9b84af74b2fa3690c519199326fc2f181b025cdd,,MOVISTAR ELLAS FHD 5cdd --> NEW ERA,,M+ Ellas Vamos HD,MOVISTAR ELLAS,,MOVISTAR DEPORTES,FHD,no,
9ed46050217ee6ed8236a64b72d7992f7b3b37f2,,MOVISTAR GOLF FHD 37f2 --> NEW ERA VI,,M+ Golf HD,MOVISTAR GOLF,,MOVISTAR DEPORTES,FHD,no,
872608e734992db636eb79426802cd08f4029afb,,MOVISTAR GOLF HD 9afb --> SPORT TV,,M+ Golf HD,MOVISTAR GOLF,,MOVISTAR DEPORTES,HD,no,
8546cff89e4ee8bf3ad31cf6457c3bc2c4341031,,MOVISTAR GOLF FHD 1031 --> NEW ERA,,M+ Golf HD,MOVISTAR GOLF,,MOVISTAR DEPORTES,FHD,no,
96e82321c731e41768a806992ee4d3b9b7a0e7d7,,MOVISTAR GOLF 2 FHD e7d7 --> NEW ERA,,M+ Golf 2 HD,MOVISTAR GOLF 2,,MOVISTAR DEPORTES,FHD,no,
4e99e755aa32c4bc043a4bb1cd1de35f9bd94dde,,MOVISTAR VAMOS FHD 4dde --> NEW ERA VI,,M+ Vamos HD,MOVISTAR VAMOS,,MOVISTAR DEPORTES,FHD,no,
2940120bf034db79a7f5849846ccea0255172eae,,MOVISTAR VAMOS FHD 2eae --> NEW ERA,,M+ Vamos HD,MOVISTAR VAMOS,,MOVISTAR DEPORTES,FHD,no,
651d6be899d1fafa107a265a9dc00ff914c1b548,,MOVISTAR VAMOS FHD b548 --> NEW ERA,,M+ Vamos HD,MOVISTAR VAMOS,,MOVISTAR DEPORTES,FHD,no,
476b6f6583517bd75c15c4663bf45fab7c8da9cf,M+ Vamos 1080p **,MOVISTAR VAMOS a9cf --> ELCANO,M+ Vamos HD,M+ Vamos HD,MOVISTAR VAMOS,MOVISTAR DEPORTES,MOVISTAR DEPORTES,FHD,no,
a5f2161b0cabe910dc866b5abc6efe5d8f41fd7f,,DAZN BALONCESTO FHD fd7f --> NEW ERA VI,,Unknown,DAZN BALONCESTO,,OTROS,FHD,no,
217e5f172d4c704c5eec739fed672a53521e8f98,,DAZN BALONCESTO 1 FHD 8f98 --> NEW ERA,,Unknown,DAZN BALONCESTO 1,,OTROS,FHD,no,
965b249321adbf3a1459f94c17f624022889fb8d,,DAZN BALONCESTO 2 FHD fb8d --> NEW ERA,,Unknown,DAZN BALONCESTO 2,,OTROS,FHD,no,
74e78be7e8aa0cfb4ff4cada0eff0fc74bfdbd68,,ESSPN 2 USA HD bd68 --> NEW ERA,,Unknown,ESSPN 2 USA,,OTROS,HD,no,
648b6c7d1b1800b6d224f22e26694f4d59ad217d,,ESSPN MX SD 217d --> NEW ERA,,Unknown,ESSPN MX,,OTROS,HD,no,
fbc9b6650b886ba0b25c0b9468b625aa6d4a2042,,ESSPN MX 3 HD 2042 --> NEW ERA,,Unknown,ESSPN MX 3,,OTROS,HD,no,
93953cc10405f53e1d4ea2c30f1aad25e28a59f0,,ESSPN MX 4 SD 59f0 --> NEW ERA,,Unknown,ESSPN MX 4,,OTROS,HD,no,
501141c649a2b78c4965cbf3257224181cc55072,,Magenta Sport 1 HD (DE) 5072 --> SPORT TV,,Unknown,MAGENTA SPORT 1 (DE),,OTROS,HD,no,
6058a4c0f2569bd81c687aa7dfb48b8a9569fb29,,Magenta Sport 10 HD (DE) fb29 --> SPORT TV,,Unknown,MAGENTA SPORT 10 (DE),,OTROS,HD,no,
c21316ad4b7f44eaf6fcfb2c245c46de8b746cc6,,Magenta Sport 11 HD (DE) 6cc6 --> SPORT TV,,Unknown,MAGENTA SPORT 11 (DE),,OTROS,HD,no,
ab0d54995bdcea2d8f9f588ef631ebbfb3f5a9ab,,Magenta Sport 2 HD (DE) a9ab --> SPORT TV,,Unknown,MAGENTA SPORT 2 (DE),,OTROS,HD,no,
d0ca51f6145514ee605c2ef5d5a137e2a08c95b8,,Magenta Sport 3 HD (DE) 95b8 --> SPORT TV,,Unknown,MAGENTA SPORT 3 (DE),,OTROS,HD,no,
1fb794b1503c5955b75ea0106ee6360b80d78849,,Magenta Sport 4 HD (DE) 8849 --> SPORT TV,,Unknown,MAGENTA SPORT 4 (DE),,OTROS,HD,no,
428b92f3c71cd3cbf66ef6193808b39d16a52730,,Magenta Sport 5 HD (DE) 2730 --> SPORT TV,,Unknown,MAGENTA SPORT 5 (DE),,OTROS,HD,no,
14317c55fadc80ef2b7fb42b3d53e8ccb3b52cd8,,Magenta Sport 6 HD (DE) 2cd8 --> SPORT TV,,Unknown,MAGENTA SPORT 6 (DE),,OTROS,HD,no,
ac839cda9709255c21a98af455731f037e77a9e4,,Magenta Sport 7 HD (DE) a9e4 --> SPORT TV,,Unknown,MAGENTA SPORT 7 (DE),,OTROS,HD,no,
11c5823d4196a90b509f03df1fe78e13cfbbb175,,Magenta Sport 8 HD (DE) b175 --> SPORT TV,,Unknown,MAGENTA SPORT 8 (DE),,OTROS,HD,no,
86495fe134ff065d5217497babe6be33f81d37d1,,Magenta Sport 9 HD (DE) 37d1 --> SPORT TV,,Unknown,MAGENTA SPORT 9 (DE),,OTROS,HD,no,
aa6faf8d1fca70d1e79ca0a6647ac15fcecea2f6,,MIXED TV 2 (solo eventos) a2f6 --> NEW ERA III,,Unknown,MIXED TV 2 (SOLO EVENTOS),,OTROS,HD,no,
f183cf6c5336e109f0572ffe0b471f0f79d19cf7,,MIXED+ (solo eventos) 9cf7 --> NEW ERA III,,Unknown,MIXED+ (SOLO EVENTOS),,OTROS,HD,no,
4bfeb0516c44c4f0e3502e3f1ca1035d39ddf9c2,,MOVISTAR EN JUEGO FHD f9c2 --> NEW ERA VI,,Unknown,MOVISTAR EN JUEGO,,OTROS,FHD,no,
cf99e99c105162410ec6d1f68cc6f4811560fee7,,MOVISTAR NAVIDAD FHD fee7 --> NEW ERA VI,,Unknown,MOVISTAR NAVIDAD,,OTROS,FHD,no,
21be4fe2052fc66456b4f233428bb40a681bf863,,NFL RED ZONE SD f863 --> NEW ERA,,Unknown,NFL RED ZONE,,OTROS,HD,no,
5a71a114fdf460fc90f88b959f83625b964a5d62,,NFL USA SD 5d62 --> NEW ERA,,Unknown,NFL USA,,OTROS,HD,no,
ffa09e597804001f634dd1829f031823411a2595,,Pluto TV Auto Motor Sport (720p) 2595 --> NEW LOOP,,Unknown,PLUTO TV AUTO MOTOR SPORT (),,OTROS,HD,no,
a7319ebd54cb1db9a9db1574929ca8d305a323d3,,RTL+ SPORT EVENT 1 (DE) 23d3 --> SPORT TV,,Unknown,RTL+ SPORT EVENT 1 (DE),,OTROS,HD,no,
e6cce13cb4005ec3c7d77db47865385927a7ab7e,,RTL+ SPORT EVENT 10 (DE) ab7e --> SPORT TV,,Unknown,RTL+ SPORT EVENT 10 (DE),,OTROS,HD,no,
e360a96fb4bbe1cb8a7862a6514c4c284eeec466,,RTL+ SPORT EVENT 2 (DE) c466 --> SPORT TV,,Unknown,RTL+ SPORT EVENT 2 (DE),,OTROS,HD,no,
8b3c5f9ec938c3d3950bc4c989428d266bd4bd5b,,RTL+ SPORT EVENT 3 (DE) bd5b --> SPORT TV,,Unknown,RTL+ SPORT EVENT 3 (DE),,OTROS,HD,no,
784da1ced871f6d3f6bf25f29664bfd39f6130a6,,RTL+ SPORT EVENT 4 (DE) 30a6 --> SPORT TV,,Unknown,RTL+ SPORT EVENT 4 (DE),,OTROS,HD,no,
81284e9a279ee23cbc4a7400bd9531f127d20fe5,,RTL+ SPORT EVENT 5 (DE) 0fe5 --> SPORT TV,,Unknown,RTL+ SPORT EVENT 5 (DE),,OTROS,HD,no,
c065ab169f75ced1d34fbcab6b84a5fa4ca73e30,,RTL+ SPORT EVENT 6 (DE) 3e30 --> SPORT TV,,Unknown,RTL+ SPORT EVENT 6 (DE),,OTROS,HD,no,
eec3f8107e008cec3679f76e078deeefd1348a3e,,RTL+ SPORT EVENT 7 (DE) 8a3e --> SPORT TV,,Unknown,RTL+ SPORT EVENT 7 (DE),,OTROS,HD,no,
ce4ae0c3491acd4272340029139ba25642e2516b,,RTL+ SPORT EVENT 8 (DE) 516b --> SPORT TV,,Unknown,RTL+ SPORT EVENT 8 (DE),,OTROS,HD,no,
a435581e6cba56972e48cf4519d1b2af735eec2f,,RTL+ SPORT EVENT 9 (DE) ec2f --> SPORT TV,,Unknown,RTL+ SPORT EVENT 9 (DE),,OTROS,HD,no,
42fe2ce3ef6b92653a74d85b6e98c2ba0abee707,,Setanta Live 1 (RU) e707 --> SPORT TV,,Unknown,SETANTA LIVE 1,,OTROS,HD,no,
f6d68cfa8694f814983f2a5757f4e0c4964b880c,,Setanta Live 2 (RU) 880c --> SPORT TV,,Unknown,SETANTA LIVE 2,,OTROS,HD,no,
dec96c86080c26ddf667ea90adfb513a40007a0b,,VIASAT SPORT HD (RU) 7a0b --> SPORT TV,,Unknown,VIASAT SPORT,,OTROS,HD,no,
1acaf203502983cd2993c6835bf0cbde8d016c3d,,Бокс ТВ (RU) 6c3d --> SPORT TV,,Unknown,БОКС ТВ,,OTROS,HD,no,
96951e5de62a3e7095a1ed8a191817c8935e7017,,Конный мир HD (RU) 7017 --> SPORT TV,,Unknown,КОННЫЙ МИР,,OTROS,HD,no,
dcda9de85f7d662c5c3c2efd74eca0fb5c6aab3b,,КХЛ HD (RU) ab3b --> SPORT TV,,Unknown,КХЛ,,OTROS,HD,no,
aa6c193b9de1e6b6277e3075299fdeea925e2dc0,,КХЛ ТВ (RU) 2dc0 --> SPORT TV,,Unknown,КХЛ ТВ,,OTROS,HD,no,
822654b2c0db24d1de149cb21fdd44a3b968fbfa,,Матч! Боец (RU) fbfa --> SPORT TV,,Unknown,МАТЧ! БОЕЦ,,OTROS,HD,no,
762e1d11f7d07029f316c6f61b8ef73289c6673c,,Матч! Игра HD (RU) 673c --> SPORT TV,,Unknown,МАТЧ! ИГРА,,OTROS,HD,no,
106c8656fca0ca91a696110467788d202d7111af,,МАТЧ! Планета (RU) 11af --> SPORT TV,,Unknown,МАТЧ! ПЛАНЕТА,,OTROS,HD,no,
4b7c5f21b435d79c823e47572655a9c157a3ba12,,Матч! Премьер HD (RU) ba12 --> SPORT TV,,Unknown,МАТЧ! ПРЕМЬЕР,,OTROS,HD,no,
ef9c77bd94783448b8edb552109f5f15b2bd82d1,,Матч! Страна (RU) 82d1 --> SPORT TV,,Unknown,МАТЧ! СТРАНА,,OTROS,HD,no,
a203f6b935a8ad8659c4c76c1d9c13afa6368ef2,,Матч! ТВ HD (RU) 8ef2 --> SPORT TV,,Unknown,МАТЧ! ТВ,,OTROS,HD,no,
b28db77c5084da7993395d77df96c30bb134f0a9,,Матч! Футбол 1 ( original ) (RU) f0a9 --> SPORT TV,,Unknown,МАТЧ! ФУТБОЛ 1,,OTROS,HD,no,
ffbf8c687c788d9a1a7c651e24802ee773ff3f04,,Матч! Футбол 2 ( original ) (RU) 3f04 --> SPORT TV,,Unknown,МАТЧ! ФУТБОЛ 2,,OTROS,HD,no,
b6baa046075d82da300fc1b16de96067a8b9540e,,Матч! Футбол 3 ( original ) (RU) 540e --> SPORT TV,,Unknown,МАТЧ! ФУТБОЛ 3,,OTROS,HD,no,
c4acde347445b0a07a9e8695b4254bee2b2df570,,Мир Баскетбола (RU) f570 --> SPORT TV,,Unknown,МИР БАСКЕТБОЛА,,OTROS,HD,no,
ed63659df12baa6febbe70f4125b6527aa1ae413,,Русский Экстрим (RU) e413 --> SPORT TV,,Unknown,РУССКИЙ ЭКСТРИМ,,OTROS,HD,no,
8410d89a5767b250cd752381672aeb5fbe2240d3,,Спортивный (RU) 40d3 --> SPORT TV,,Unknown,СПОРТИВНЫЙ,,OTROS,HD,no,
4b129146077c1e357e4ab341448b9fb629f939dc,,Старт (RU) 39dc --> SPORT TV,,Unknown,СТАРТ,,OTROS,HD,no,
ee5cd7316e917f156bf8d176a11da98fe403b0b2,,Точка отрыва (RU) b0b2 --> SPORT TV,,Unknown,ТОЧКА ОТРЫВА,,OTROS,HD,no,
fce354f24fe26ca527e2c38b14eb7b0c81f756dd,,Футбол HD (RU) 56dd --> SPORT TV,,Unknown,ФУТБОЛ,,OTROS,HD,no,
92f8939c7bff6bcb7e6da39379bb3d7a6a76693f,,Футбольный HD (RU) 693f --> SPORT TV,,Unknown,ФУТБОЛЬНЫЙ,,OTROS,HD,no,
99f0646986e9266836dd79047dedecb04e243857,,Хоккейный HD (RU) 3857 --> SPORT TV,,Unknown,ХОККЕЙНЫЙ,,OTROS,HD,no,
48bee10b883f17c7186d60f1e8022dca0ba41a05,,beIN SPORTS HD 2 (TR) 1a05 --> SPORT TV,,TR | beIN SPORTS 2,BEIN SPORTS 2 (TR),,SPORT TV,HD,no,
ed81c333815247536edfcdb2755147e8c4144d62,,beIN SPORTS HD 3 (TR) 4d62 --> SPORT TV,,TR | beIN SPORTS 3,BEIN SPORTS 3 (TR),,SPORT TV,HD,no,
7683cd0cbacf55fa8b39c363219ffba1bc47cf9d,,beIN SPORTS HD 4 (TR) cf9d --> SPORT TV,,TR | beIN SPORTS 4,BEIN SPORTS 4 (TR),,SPORT TV,HD,no,
47c1b3a68d03bd190fed521d144ad08fa0f195f3,,beIN SPORTS HABER (TR) 95f3 --> SPORT TV,,Unknown,BEIN SPORTS HABER (TR),,SPORT TV,HD,no,
039fae21c9e7e5214d3d898cba80863e37e623ac,,Canal de Tenis HD (ES) 23ac --> SPORT TV,,Tennis Channel,CANAL DE TENIS,,SPORT TV,HD,no,
cc7b8c39f70aa342248d02c8ab55bafdb4116ed7,,CANAL+ Sport (PL) 6ed7 --> SPORT TV,,Unknown,CANAL+ SPORT (PL),,SPORT TV,HD,no,
6390b1ab967a25777ea2dde1d41b7400cc0601d3,,CANAL+ Sport 2 (PL) HD 01d3 --> SPORT TV,,Unknown,CANAL+ SPORT 2 (PL),,SPORT TV,HD,no,
3e87464ed8c42ed14464461ea08860a3040a8944,,CANAL+ Sport 3 (PL) 8944 --> SPORT TV,,Unknown,CANAL+ SPORT 3 (PL),,SPORT TV,HD,no,
04448c3ca0b7518819491e468adbabc8a2551bd7,,CANAL+ Sport 4 (PL) 1bd7 --> SPORT TV,,Unknown,CANAL+ SPORT 4 (PL),,SPORT TV,HD,no,
314eb626864faf52e01624361bd6906b5406127f,,Eurosport (PL) 127f --> SPORT TV,,Unknown,EUROSPORT (PL),,SPORT TV,HD,no,
1b0bc4d4dcd609d3c092712e721392b199f50a62,,Eurosport 1 HD (RU) 0a62 --> SPORT TV,,Unknown,EUROSPORT 1,,SPORT TV,HD,no,
b8cad4710b1c3b2b84a82c1ece40c08517b8f766,,Eurosport 1 HD (DE) f766 --> SPORT TV,,Unknown,EUROSPORT 1 (DE),,SPORT TV,HD,no,
22df9a5fae8cae52fec925c2bb44b74f96a4200c,,Eurosport360 HD 1 (DE) 200c --> SPORT TV,,Unknown,EUROSPORT360 1 (DE),,SPORT TV,HD,no,
57f95543ac41656d473b1a27123fc413388a728c,,Eurosport360 HD 2 (DE) 728c --> SPORT TV,,Unknown,EUROSPORT360 2 (DE),,SPORT TV,HD,no,
7adbca42657ace1fe228142d351d0896974bbe0c,,Eurosport360 HD 3 (DE) be0c --> SPORT TV,,Unknown,EUROSPORT360 3 (DE),,SPORT TV,HD,no,
1b6b6c0ddc0534236b3bae78f41d2bc27cd11f64,,Eurosport360 HD 4 (DE) 1f64 --> SPORT TV,,Unknown,EUROSPORT360 4 (DE),,SPORT TV,HD,no,
148921c4dda96df445e253d6f26c4d092bf85809,,Eurosport360 HD 5 (DE) 5809 --> SPORT TV,,Unknown,EUROSPORT360 5 (DE),,SPORT TV,HD,no,
005ac522315699bd93bbf743329eb2f3c347dc3f,,Eurosport360 HD 6  (DE) dc3f --> SPORT TV,,Unknown,EUROSPORT360 6 (DE),,SPORT TV,HD,no,
b18657f64507cc859cd7edef1aef90feb053e791,,Eurosport360 HD 7  (DE) e791 --> SPORT TV,,Unknown,EUROSPORT360 7 (DE),,SPORT TV,HD,no,
8f4f572005ca2557743474087aa622693ba9b5fe,,Eurosport360 HD 8  (DE) b5fe --> SPORT TV,,Unknown,EUROSPORT360 8 (DE),,SPORT TV,HD,no,
73ff07648e367efebd94636047b07625f664a082,,Extreme Sports (PL) a082 --> SPORT TV,,Unknown,EXTREME SPORTS (PL),,SPORT TV,HD,no,
c811cde690d467a2e45d3c263c4f0960a3933d18,,Fast&Funbox HD (RU) 3d18 --> SPORT TV,,Unknown,FAST&FUNBOX,,SPORT TV,HD,no,
49b734a5a3365674480089264be00ae28fabb640,,FightBox HD (RU) b640 --> SPORT TV,,Unknown,FIGHTBOX,,SPORT TV,HD,no,
c9c062941fbecb16ce29437f346ea7177d720898,,FOX Sports 1 HD (US) 0898 --> SPORT TV,,Unknown,FOX SPORTS 1 (US),,SPORT TV,HD,no,
cba8d369eac629b577750edb90370cd1c5fb03b7,,FOX Sports 2 HD (US) 03b7 --> SPORT TV,,Unknown,FOX SPORTS 2 (US),,SPORT TV,HD,no,
a7e4499c869037073c97deb47a50d1e7090b1c04,,M-1 Global (RU) 1c04 --> SPORT TV,,Unknown,M-1 GLOBAL,,SPORT TV,HD,no,
acb510858f34c3c6fd5f79395b031abd6885c2b3,,M. Deportes HD (ES) c2b3 --> SPORT TV,,M+ Deportes 2 HD,M. DEPORTES,,SPORT TV,HD,yes,MOVISTAR DEPORTES
5f595b1bbade5e7c915d99f90645f4c30d4ba540,,nSport+ (PL) a540 --> SPORT TV,,Unknown,NSPORT+ (PL),,SPORT TV,HD,no,
0dfa37340ca0300a41f7a78bd3a0f024c3296974,,ORF SPORT+ HD (DE) 6974 --> SPORT TV,,Unknown,ORF SPORT+ (DE),,SPORT TV,HD,no,
92b6ba09dae4bbb8a67a405125d08ca8d15380ee,,Polsat Sport (PL) 80ee --> SPORT TV,,Unknown,POLSAT SPORT (PL),,SPORT TV,HD,no,
4ce55db7e578ff52a6e526cf610e477464b8a99f,,Polsat Sport Premium 1 (PL) a99f --> SPORT TV,,Unknown,POLSAT SPORT 1 (PL),,SPORT TV,HD,no,
3147c586346aee00c005d1caa55204d38678c95f,,Polsat Sport Premium 2 (PL) c95f --> SPORT TV,,Unknown,POLSAT SPORT 2 (PL),,SPORT TV,HD,no,
ef2cf11fc83f4f15a33c9a514a7afd2bce73122f,,Polsat Sport Extra (PL) 122f --> SPORT TV,,Unknown,POLSAT SPORT EXTRA (PL),,SPORT TV,HD,no,
9e7fe279f421b734a8af9e68320955fd16f80b4b,,Polsat Sport Fight (PL) 0b4b --> SPORT TV,,Unknown,POLSAT SPORT FIGHT (PL),,SPORT TV,HD,no,
7c12288663069a12aff58f3f62e8ea47ab78c65d,,Sky Sport 1 HD (DE) c65d --> SPORT TV,,Unknown,SKY SPORT 1 (DE),,SPORT TV,HD,no,
fc9f1f580da8f641a5991d44b399982a3a069f69,,Sky Sport 2 HD (DE) 9f69 --> SPORT TV,,Unknown,SKY SPORT 2 (DE),,SPORT TV,HD,no,
07cab7f4a1a4ecc0ed35bea52346f1b79b1016a8,,Sky Sport News (DE) 16a8 --> SPORT TV,,Unknown,SKY SPORT NEWS (DE),,SPORT TV,HD,no,
ec5eabe0144ccfffc337e1d6708e2afb81d0638e,,SkySP PL (UK) 638e --> SPORT TV,,Unknown,SKYSP PL (UK),,SPORT TV,HD,no,
5e94200ae8b1d95cb559fb150e5993d92e15d4e7,,Sport Digital (DE) d4e7 --> SPORT TV,,Unknown,SPORT DIGITAL (DE),,SPORT TV,HD,no,
35575a31d76f6c5f5e9e6364dacfdeca3b85f2ee,,Sport Klub (PL) f2ee --> SPORT TV,,Unknown,SPORT KLUB (PL),,SPORT TV,HD,no,
1950633a3723cb52b17c764125decc04445bd5ff,,SPORT1 (DE) d5ff --> SPORT TV,,Unknown,SPORT1 (DE),,SPORT TV,HD,no,
e61b6538df35e5016635dfa2b3073f5b82ee4c2b,,SPORT1+ (DE) 4c2b --> SPORT TV,,Unknown,SPORT1+ (DE),,SPORT TV,HD,no,
b58dbf92765976b308695f62dea94b00b40730ee,,SuperTennis HD (ES) 30ee --> SPORT TV,,Unknown,SUPERTENNIS,,SPORT TV,HD,no,
d6f0a6377c31f68b1c1c071e0a8f9f105a455867,,TVP Sport HD (PL) 5867 --> SPORT TV,,Unknown,TVP SPORT (PL),,SPORT TV,HD,no,
d2374e2375a4275738e0dbed2f47d0114ad1cb64,,UFC HD (RU) cb64 --> SPORT TV,,Unknown,UFC,,SPORT TV,HD,no,
fcd7621df513f600652b4813d5d8fd1daed60058,,Ziggo Sport (ES) 0058 --> SPORT TV,,Unknown,ZIGGO SPORT,,SPORT TV,HD,no,
cc5ed178702605513cd18b4899c4be954d306cca,,24 HORAS HD 6cca --> NEW ERA,,24 Horas,24 HORAS,,TDT,HD,no,
ba4597903f099695e7d6bcc5938f91cb0798006b,,ARAGON TV HD 006b --> NEW ERA,,Aragón TV,ARAGON TV,,TDT,HD,no,
8d66979e705a8b532b9243bbc0862c0f1c734ef0,,CUATRO FHD 4ef0 --> NEW ERA,,Cuatro HD,CUATRO,,TDT,FHD,no,
dad5e0e0825cb3e410008f1c4252387b868e740c,,LA 1 FHD 740c --> NEW ERA,,La 1 HD,LA 1,,TDT,FHD,no,
6a54f8fb00406c88f68ac3f3aabc7d084f9573d0,,LA 1 4K 73d0 --> NEW ERA,,La 1 HD,LA 1,,TDT,UHD,no,
9934906503661142f97a044ae1509a294057c2ed,,LA 2 FHD c2ed --> NEW ERA,,La 2,LA 2,,TDT,FHD,no,
44828a7580cd99fcb36245c327889c47f34b457f,,LA SEXTA FHD 457f --> NEW ERA,,La Sexta HD,LA SEXTA,,TDT,FHD,no,
5133d1e8f45095f0b7dabbd78db0ce19a496f7bf,,TELECINCO FHD f7bf --> NEW ERA,,Telecinco HD,TELECINCO,,TDT,FHD,no,
8091334c82e8720fc6aa05ff0bd6d343c5bfecbf,,TENNIS CHANNEL ecbf --> NEW LOOP,,Tennis Channel,TENNIS CHANNEL,,TENNIS,HD,no,
aa31953b8af44b461102852d5b1247eea95b8050,,TENNIS CHANNEL HD 8050 --> NEW ERA,,Tennis Channel,TENNIS CHANNEL,,TENNIS,HD,no,
108aebe20efc826e56f3a1cb01117a124a6b89ad,,UFC Fight Pass 89ad --> NEW ERA,,Unknown,UFC FIGHT PASS,,UFC,HD,no,
96537527b2d5e858b2e6c863a00dec304254091d,,UFC Fight Pass FHD 091d --> NEW ERA,,Unknown,UFC FIGHT PASS,,UFC,FHD,no,
8faa686a99697b99261346e479ead172b1d9d5d2,ACB EVENTO 01 720p *,,Unknown,,ACB EVENTO 01 *,DEPORTES,,HD,no,
23bee556c002d0726c1f0cac98a1901cff0a9239,ACB EVENTO 01 720p **,,Unknown,,ACB EVENTO 01 **,DEPORTES,,HD,no,
dddff67edfa7061f643ec5ae0be110169850363d,DAZN 1 1080p *,,DAZN 1 HD,,DAZN 1 *,DAZN,,FHD,no,
9afc89481b721ce6c326c85e47148676077b8e62,DAZN 1 **,,DAZN 1 HD,,DAZN 1 **,DAZN,,HD,no,
7ba1f321f4d0791b7ebd42f41a07c1cd1479e784,DAZN 1 **,,DAZN 1 HD,,DAZN 1 **,DAZN,,HD,no,
27d11bbeb3026231d52de16b1fac48da7a099247,DAZN F1 720p *,,DAZN F1 HD,,DAZN F1 *,FORMULA 1,,HD,no,
d719181097d256073844390b3e094fbcb1bceaa4,DAZN F1 1080p *,,DAZN F1 HD,,DAZN F1 *,FORMULA 1,,FHD,no,
895d08633bb22c2573281655cf3ca44de476cc73,DAZN F1 1080p *,,DAZN F1 HD,,DAZN F1 *,FORMULA 1,,FHD,no,
bcf9dc38f92e90a71b87bd54b3bac91b76d09a69,DAZN F1 1080p **,,DAZN F1 HD,,DAZN F1 **,FORMULA 1,,FHD,no,
cc108ae39f92c48f6c946763047bd1c9b7b7d889,DAZN LaLiga 1080p *,,DAZN LaLiga HD,,DAZN LALIGA *,LA LIGA,,FHD,no,
eb4975702ceadca7ed74f8707e17a9f55569dbb9,DAZN LaLiga 720p *,,DAZN LaLiga HD,,DAZN LALIGA *,LA LIGA,,HD,no,
9c75f1d190c518cfe0f236415b8dccc1f676ef3b,DAZN LaLiga **,,DAZN LaLiga HD,,DAZN LALIGA **,LA LIGA,,HD,no,
e623929791ba2c5a45ea28a31954caff89147ebc,ESPN 2 MX 720p **,,Unknown,,ESPN 2 MX **,DEPORTES,,HD,no,
9dfd7e896ad0ff817eb71e3096f0cfa11d43169b,ESPN 2 MX 1080p **,,Unknown,,ESPN 2 MX **,DEPORTES,,FHD,no,
739792a3225e5eb3056f4faa7b1137c7f161f23c,Esport3 720p *,,Unknown,,ESPORT3 *,DEPORTES,,HD,no,
21bc11d195f5753c396e390c215952d21541d04d,Esport3 1080p *,,Unknown,,ESPORT3 *,DEPORTES,,FHD,no,
ff03650163b9456d59ed5f262aa3ab2e19831e6d,Esport3 720p *,,Unknown,,ESPORT3 *,DEPORTES,,HD,no,
48a589dbeab3544662fafd79888aada7d834cfe9,Eurosport 1 1080p *,,Eurosport 1 HD,,EUROSPORT 1 *,EUROSPORT,,FHD,no,
a7b42f9d65636d1b1d9316d3e91ebe12b192658c,Eurosport 1 720p **,,Eurosport 1 HD,,EUROSPORT 1 **,EUROSPORT,,HD,no,
f5908690485ae2facecf3074446ba4315f07a193,Eurosport 2 *,,Eurosport 2,,EUROSPORT 2 *,EUROSPORT,,HD,no,
5c910d614894635153a7d42de98cc2e4a958a53f,Eurosport 2 720p **,,Eurosport 2,,EUROSPORT 2 **,EUROSPORT,,HD,no,
02622fa2fab63847d88dc14fd9fa5c2fc35de8a8,La 1 TVE 720p *,,La 1 HD,,LA 1 TVE *,TDT,,HD,no,
4636ed75106cb00e9c70cc2029edf0a4df7ad73f,LaLiga TV Hypermotion 1080p *,,LaLiga TV Hypermotion HD,,LALIGA TV HYPERMOTION *,HYPERMOTION,,FHD,no,
1f75d92098580443857caa95a719103cb83781b0,LaLiga TV Hypermotion 720p *,,LaLiga TV Hypermotion HD,,LALIGA TV HYPERMOTION *,HYPERMOTION,,HD,no,
5ba9368d80d2f87ac1c6d71df4e7e6e26e6911f2,,,,,LIGA DE CAMPEONES 4,,,HD,no,
e9f4493d2d851f4636720f639113e05b4a21a74c,,,,,LIGA DE CAMPEONES 4,,,HD,no,
64f01629d4a19e70efd9e6778c397282ba087547,,,,,LIGA DE CAMPEONES 4,,,HD,no,
c6a824a81b36f6c3529826477caf2ad94b45776d,M+ Deportes 1080p *,,M+ Deportes HD,,M+ DEPORTES *,MOVISTAR DEPORTES,,FHD,no,
6e031aed136bf97d8667fcd5fc49c73256928281,M+ Deportes 720p *,,M+ Deportes HD,,M+ DEPORTES *,MOVISTAR DEPORTES,,HD,no,
2d549bbcd898b09c4b736e6e3e83e8e8c19fcbda,M+ Deportes 1080p **,,M+ Deportes HD,,M+ DEPORTES **,MOVISTAR DEPORTES,,FHD,no,
2f3cfd199a49819cbd129689a840dc3d23ab93aa,M+ Deportes 720p **,,M+ Deportes HD,,M+ DEPORTES **,MOVISTAR DEPORTES,,HD,no,
3774d8feab016ca766b35ea8488e7514ca30e0ee,M+ Deportes 2 1080p *,,M+ Deportes 2 HD,,M+ DEPORTES 2 *,MOVISTAR DEPORTES,,FHD,no,
bfa01c11c5c6b7a616a516de4f2c769a89d26b25,M+ Deportes 2 720p **,,M+ Deportes 2 HD,,M+ DEPORTES 2 **,MOVISTAR DEPORTES,,HD,no,
f4d9011721fad5098febbe4d7c078a582e176a01,M+ Deportes 3 1080p *,,M+ Deportes 3,,M+ DEPORTES 3 *,MOVISTAR DEPORTES,,FHD,no,
e9ce6e62ff97f1da7f10fd449a3c8e8ee90b253d,M+ Deportes 3 720p *,,M+ Deportes 3,,M+ DEPORTES 3 *,MOVISTAR DEPORTES,,HD,no,
2a5d90651e212106434edea5bfbba1a843b7b97c,M+ Deportes 4 720p *,,M+ Deportes 4,,M+ DEPORTES 4 *,MOVISTAR DEPORTES,,HD,no,
4abe06c5cce7cb3c6bef2c3bccaafefd3299794f,M+ Deportes 4 1080p *,,M+ Deportes 4,,M+ DEPORTES 4 *,MOVISTAR DEPORTES,,FHD,no,
590a1f4546e3a0d5d419b62b8177b44d6ce0339f,M+ Deportes 4 **,,M+ Deportes 4,,M+ DEPORTES 4 **,MOVISTAR DEPORTES,,HD,no,
7b361369a40046ad3011086f9d4ae2982fb4d5aa,M+ Deportes 5 **,,M+ Deportes 5,,M+ DEPORTES 5 **,MOVISTAR DEPORTES,,HD,no,
e6cd9205e26b3b6680f607030c702e911272524a,M+ Deportes 6 1080p *,,M+ Deportes 6,,M+ DEPORTES 6 *,MOVISTAR DEPORTES,,FHD,no,
9b38816906198580dbeb35b68673e1d060668e05,M+ Deportes 7 1080p *,,Unknown,,M+ DEPORTES 7 *,MOVISTAR DEPORTES,,FHD,no,
80e290013709091ec93d542754bff27cc90ac996,M+ Ellas Vamos 1080p *,,M+ Ellas Vamos HD,,M+ ELLAS VAMOS *,MOVISTAR DEPORTES,,FHD,no,
8410c0c4f94edabb8230a8b497f938d8d011c51e,M+ Ellas Vamos 720p **,,M+ Ellas Vamos HD,,M+ ELLAS VAMOS **,MOVISTAR DEPORTES,,HD,no,
f60535a458b3c114283e2f433379144345beddd6,M+ Golf 720p *,,Unknown,,M+ GOLF *,MOVISTAR DEPORTES,,HD,no,
9bb2a7dc6c6a296609df8cc50e742a78194f7530,M+ Golf 1080p *,,Unknown,,M+ GOLF *,MOVISTAR DEPORTES,,FHD,no,
ac321484243571f59e077f2a2521e648dc0c7b03,M+ Golf 2 *,,Unknown,,M+ GOLF 2 *,MOVISTAR DEPORTES,,HD,no,
f863873de9f7b2996dde19a0657dd89835af3007,M+ LaLiga 720p *,,M+ LaLiga HD,,M+ LALIGA *,LA LIGA,,HD,no,
0febfb5cac3384f487d55c559bbfc877db2d0357,M+ LaLiga 1080p *,,M+ LaLiga HD,,M+ LALIGA *,LA LIGA,,FHD,no,
91b2a1fe85f5bb4a6cf9ef6d01cc65883d986920,M+ Liga de Campeones 1080p *,,M+ Liga de Campeones HD,,M+ LIGA DE CAMPEONES *,LIGA DE CAMPEONES,,FHD,no,
8156912ae14f6174a19c8a4efcf36a06e847f632,M+ Liga de Campeones 2 1080p *,,M+ Liga de Campeones 2 HD,,M+ LIGA DE CAMPEONES 2 *,LIGA DE CAMPEONES,,FHD,no,
47188da7d2e4beaee82cff174f223fdd23f78fa6,M+ Liga de Campeones 2 720p *,,M+ Liga de Campeones 2 HD,,M+ LIGA DE CAMPEONES 2 *,LIGA DE CAMPEONES,,HD,no,
74ab4e4ec7e2da001f473ca40893b7307b8029c5,M+ Liga de Campeones 2 1080p **,,M+ Liga de Campeones 2 HD,,M+ LIGA DE CAMPEONES 2 **,LIGA DE CAMPEONES,,FHD,no,
866a8af8faacf8fc9eb997ab5a68b4dfee4edc77,M+ Vamos 720p *,,M+ Vamos HD,,M+ VAMOS *,MOVISTAR DEPORTES,,HD,no,
ad5ca6e24f87f47a9c3c5bc10c7e8e5af46767fc,M+ Vamos 1080p *,,M+ Vamos HD,,M+ VAMOS *,MOVISTAR DEPORTES,,FHD,no,
d23497596720b47b096ec0f850d6d26a19d1a336,MOVISTAR PLUS 720p *,,Movistar Plus+ HD,,MOVISTAR PLUS *,MOVISTAR,,HD,no,
ed74406ccdb3c21941b919db6bffca7f1de015bb,MOVISTAR PLUS 1080p *,,Movistar Plus+ HD,,MOVISTAR PLUS *,MOVISTAR,,FHD,no,
1ab443f5b4beb6d586f19e8b25b9f9646cf2ab78,MOVISTAR PLUS 1080p **,,Movistar Plus+ HD,,MOVISTAR PLUS **,MOVISTAR,,FHD,no,
b6ca8e022947548af61d76660b6b6f799a778d31,RALLY TV **,,Unknown,,RALLY TV **,DEPORTES,,HD,no,
12404b00d2787995d639ccf71a80da5d39d153f9,RALLY TV **,,Unknown,,RALLY TV **,DEPORTES,,HD,no,
177796041773be99b489dd3ce86144f243e7355f,RFEF TV 1080p *,,Unknown,,RFEF TV *,DEPORTES,,FHD,no,
3fbc1b7dc316f19b77e7f7cfc775a0af67adcc7f,RFEF TV 1080p **,,Unknown,,RFEF TV **,DEPORTES,,FHD,no,
d58f619d860d29cd47720055b9bb842199971da1,SKY Sports LaLiga 1080p *,,Unknown,,SKY SPORTS LALIGA *,LA LIGA,,FHD,no,
b35b3eb8e22365bf3469efd6d1f3b82618a6e18a,Teledeporte 1080p *,,Teledeporte HD,,TELEDEPORTE *,DEPORTES,,FHD,no,
